-- phpMyAdmin SQL Dump
-- version 5.2.1
-- https://www.phpmyadmin.net/
--
-- Host: 127.0.0.1:3306
-- Tempo de geração: 05/08/2024 às 00:03
-- Versão do servidor: 8.2.0
-- Versão do PHP: 8.2.13

SET SQL_MODE = "NO_AUTO_VALUE_ON_ZERO";
START TRANSACTION;
SET time_zone = "+00:00";


/*!40101 SET @OLD_CHARACTER_SET_CLIENT=@@CHARACTER_SET_CLIENT */;
/*!40101 SET @OLD_CHARACTER_SET_RESULTS=@@CHARACTER_SET_RESULTS */;
/*!40101 SET @OLD_COLLATION_CONNECTION=@@COLLATION_CONNECTION */;
/*!40101 SET NAMES utf8mb4 */;

--
-- Banco de dados: `db_imix`
--

-- --------------------------------------------------------

--
-- Estrutura para tabela `tb_alunos`
--

DROP TABLE IF EXISTS `tb_alunos`;
CREATE TABLE IF NOT EXISTS `tb_alunos` (
  `id` int NOT NULL AUTO_INCREMENT,
  `nome` varchar(60) NOT NULL,
  `celular` varchar(14) CHARACTER SET utf8mb4 COLLATE utf8mb4_0900_ai_ci DEFAULT NULL,
  `usuario` varchar(20) DEFAULT NULL,
  `senha` varchar(6) DEFAULT NULL,
  `modulo` varchar(30) DEFAULT NULL,
  `id_curso` int DEFAULT NULL,
  `id_dias_semana` int DEFAULT NULL,
  `id_horario` int DEFAULT NULL,
  PRIMARY KEY (`id`),
  KEY `id_curso` (`id_curso`),
  KEY `id_dias_semana` (`id_dias_semana`),
  KEY `id_horario` (`id_horario`)
) ENGINE=MyISAM AUTO_INCREMENT=122 DEFAULT CHARSET=utf8mb4 COLLATE=utf8mb4_0900_ai_ci;

--
-- Despejando dados para a tabela `tb_alunos`
--

INSERT INTO `tb_alunos` (`id`, `nome`, `celular`, `usuario`, `senha`, `modulo`, `id_curso`, `id_dias_semana`, `id_horario`) VALUES
(1, 'AMÁLIA SILVANA ALVES DE JESUS', '(99)99999-9999', 'AMALIAS', '1202', 'EXCEL', 1, 4, 11),
(2, 'ARTHUR OLIVEIRA VILELA', '(99)99999-9999', 'ARTHUROLIVEIRAVILELA', '0706', 'INTERNET', 1, 1, 1),
(3, 'GABRIEL MONTEIRO RIOS', '(99)99999-9999', 'GABRIELM', '0505', 'MONTAGEM E MANUTENÇÃO', 1, 1, 1),
(4, 'GABRIELLY CARVALHO DE SOUZA', '(99)99999-9999', 'GABRIELLYC', '0310', 'WORD 2019', 1, 1, 1),
(5, 'MARIA EDUARDA PINHEIRO DE OLIVEIRA', '(99)99999-9999', 'MARIAEDUARDAP', '0404', 'EXCEL 2019', 1, 4, 11),
(6, 'MARIA REGINA MENDES ALMEIDA', '(99)99999-9999', 'MARIAREGINA', '0709', 'INTERNET', 1, 1, 11),
(7, 'STEFANNY RODRIGUES NUNES', '(99)99999-9999', 'STEFANNYR', '1305', 'ADMINISTRAÇÃO EMPRESARIAL', 6, 1, 11),
(8, 'ANA CRISTINA GOMES', '(99)99999-9999', 'ANACRISTINA', '1709', 'WORD 2019', 1, 1, 2),
(9, 'BRENDA SOUZA DE FIGUEIREDO', '(99)99999-9999', 'BRENDASOUZA', '2011', 'APLICATIVOS COMERCIAIS', 6, 1, 2),
(10, 'DANIEL FERREIRA DOS SANTOS', '(99)99999-9999', 'DANIELFERREIRA', '0110', 'ASSISTENTE CONTÁBIL', 6, 1, 5),
(11, 'DAVI SOUSA DA SILVA', '(99)99999-9999', 'DAVISOUZA', '1709', 'EXCEL 2019', 1, 1, 2),
(12, 'JOÃO PAULO DOS SANTOS E SANTOS', '(99)99999-9999', 'JOAOPAULO', '0806', 'LÓGICA DE PROGRAMAÇÃO', 3, 1, 2),
(13, 'KAMILA DE LIMA OLIVEIRA', '(99)99999-9999', 'KAMILALIMA', '2804', 'WORD 2019', 1, 1, 2),
(14, 'LUCAS RIBEIRO RAMALHO', '(99)99999-9999', 'LUCASRIBEIROR', '2303', 'WORD', 1, 1, 2),
(15, 'RAFAEL SOUZA DOS SANTOS', '(99)99999-9999', 'RAFAELSOUZA', '0202', 'WINDOWS 10', 1, 1, 2),
(16, 'RAFAELA ALVES DA SILVA', '(99)99999-9999', 'RAFAELAALVES', '2608', 'WINDOWS 10', 1, 1, 2),
(17, 'LETÍCIA KARLLA ARAÚJO DE SOUZA', '(99)99999-9999', 'LETICIAKARLLA', '2507', 'ASSISTENTE CONTÁBIL', 6, 6, 11),
(18, 'MARIA FERNANDA ALVES', '(99)99999-9999', 'MARIAFERNANDA', '2804', 'OPERADOR DE CAIXA', 6, 6, 11),
(19, 'ANA MELISSA DA SILVA BEZERRA', '(99)99999-9999', 'ANAMELISSA', '2309', 'WORD 2019', 1, 1, 3),
(20, 'LARISSA FERNANDES DOS SANTOS', '(99)99999-9999', 'LARISSAFERNANDES', '0703', 'WINDOWS 10', 1, 4, 12),
(21, 'YASMIN CARVALHO ARAÚJO', '(99)99999-9999', 'YASMINCARVALHO', '0508', 'WINDOWS', 1, 1, 12),
(22, 'WALTERLEI CARDOSO GUIMARÃES', '(99)99999-9999', 'WALTERLEI', '2007', 'WORD', 1, 1, 4),
(23, 'MARYNA SANTOS GOMES', '(99)99999-9999', 'MARYNAS', '2707', 'EXCEL 2019', 1, 2, 12),
(24, 'DAVI DE CARVALHO BARROS', '(99)99999-9999', 'DAVIDECARVALHO', '3110', 'POWERPOINT 2019', 1, 1, 5),
(25, 'JUAN FARIAS DA SILVA', '(99)99999-9999', 'JUANFARIAS', '0209', 'REDES', 1, 1, 13),
(26, 'MARIA HELOYZA VASCONCELOS', '(99)99999-9999', 'MARIAHELOYZA', '2312', 'WORD 2019', 1, 9, 5),
(27, 'MARIA IRANEIDE BATISTA DA COSTA', '(99)99999-9999', 'MARIAIRANEIDE', '1709', 'POWERPOINT', 1, 1, 5),
(28, 'WILIANE MARQUES DE SOUSA', '(99)99999-9999', 'WILIANEMARQUES', '1004', 'POWERPOINT 2019', 1, 9, 5),
(29, 'PAULO HENRIQUE SOARES CIRILO', '(99)99999-9999', 'PAULOHENRIQUE', '0605', 'PROGRAMADOR PHP', 2, 8, 13),
(30, 'KESSYA DOS ANJOS SANTOS', '(99)99999-9999', 'KESSYADOSANJOS', '2307', 'HTM & CSS', 5, 6, 13),
(31, 'MARIA DOS MILAGRES', '(99)99999-9999', 'MARIADOSMILAGRES', '0609', 'POWERPOINT 2019', 1, 11, 13),
(32, 'PIETRA BARROS DE OLIVEIRA', '(99)99999-9999', 'PIETRABARROS', '1109', 'WINDOWS 10', 1, 11, 6),
(33, 'GLÓRIA BELO DE MAGALHÃES', '(99)99999-9999', '', '', 'LÓGICA DE PROGRAMAÇÃO', 4, 1, 14),
(34, 'CLARICE TORRES DE MENEZ', '(99)99999-9999', 'CLARICETORRES', '0308', 'WINDOWS 10', 1, 1, 7),
(35, 'THOMÁS ALVES PONTES', '(99)99999-9999', 'THOMASALVES', '1109', 'WINDOWS 10', 1, 1, 7),
(36, 'CARLIENE MAURÍCIO DO NASCIMENTO', '(99)99999-9999', 'CARLIENEM', '1510', 'POWERPOINT 2019', 1, 6, 14),
(37, 'MARIA CLARA NASCIMENTO CAVALCANTE', '(99)99999-9999', 'MARIACLARAN', '3004', 'POWERPOINT', 1, 6, 14),
(38, 'KAMILLY MONTEIRO EUGÊNIO DA SILVA', '(99)99999-9999', 'KAMILLYMONTEIRO', '3010', 'WORD 2019', 1, 1, 8),
(39, 'AMANDA ROSA CRUZ', '(99)99999-9999', 'AMANDACRUZ', '0710', 'WORD 2019', 1, 1, 9),
(40, 'ANA CLARA DOS SANTOS DE MIRANDA', '(99)99999-9999', 'ANACLARA', '0811', 'ADOBE INDESIGN', 2, 1, 15),
(41, 'ANTÔNIO DA SILVA MORAIS', '(99)99999-9999', 'ANTONIODASILVA', '1911', 'WORD 2019', 1, 1, 15),
(42, 'MARIA EDNA PINTO DE AGUIAR', '(99)99999-9999', 'MARIAEDNA', '2009', 'EXCEL', 1, 1, 15),
(43, 'GABRIEL DE SOUZA DE OLIVEIRA', '(99)99999-9999', 'GABRIELD', '1810', 'WINDOWS 10', 1, 1, 15),
(44, 'LUCAS DOS SANTOS NASCIMENTO', '(99)99999-9999', 'LUCASDOSSANTOS', '1711', 'WORD 2019', 1, 1, 15),
(45, 'LAURA DE SOUSA BRITO', '(99)99999-9999', 'LAURADESOUSA', '0508', 'EXCEL AVANÇADO', 1, 6, 15),
(46, 'LUCAS PEREIRA MENDANHA', '(99)99999-9999', 'LUCASPEREIRAM', '0506', 'MONTAGEM E MANUTENÇÃO', 2, 6, 15),
(47, 'ANA CLARA ALMEIDA FERREIRA', '(99)99999-9999', 'ANACLARAA', '1601', 'WINDOWS 10', 1, 2, 11),
(48, 'ANA LUIZA SOUSA LIMA', '(99)99999-9999', 'ANALUIZA', '0609', 'ADMINISTRAÇÃO FINANCEIRA', 6, 2, 1),
(49, 'ARTHUR SOUSA LIMA', '(99)99999-9999', 'ARTHURSOUSA', '1408', 'INTERNET', 1, 2, 1),
(50, 'BRUNO VINICIUS ARAÚJO REIS', '(99)99999-9999', 'BRUNOV', '1305', 'WORD 2019', 1, 2, 1),
(51, 'EDUARDO VITOR DIAS JÚNIOR', '(99)99999-9999', 'EDUARDOVITOR', '1804', 'INTERNET', 1, 2, 1),
(52, 'SAMIRA FERREIRA AGUIAR', '(99)99999-9999', 'SAMIRAF', '0112', 'EXCEL 2019', 1, 2, 11),
(53, 'THIAGO TEIXEIRA RODRIGUES', '(99)99999-9999', 'THIAGOTEIXEIRA', '1412', 'MONTAGEM E MANUTENÇÃO', 1, 2, 11),
(54, 'YARA APARECIDA DO NASCIMENTO', '(99)99999-9999', 'YARAAPARECIDA', '2112', 'ADMINISTRAÇÃO FINANCEIRA', 6, 2, 1),
(55, 'BRENO DE ARAÚJO LIMA', '(99)99999-9999', 'BRENODEARAUJOL', '0102', 'MONTAGEM E MANUTENÇÃO', 1, 2, 5),
(56, 'JOÃO PEDRO PEREIRA RIOS', '(99)99999-9999', 'JOAOPEDRO', '0402', 'WINDOWS 10', 1, 2, 2),
(57, 'JOSÉ RENAN DIAS DA SILVA', '(99)99999-9999', 'JOSERENAN', '2212', 'WORD 2019', 1, 7, 11),
(58, 'WARLEY ALVES RIBEIRO', '(99)99999-9999', 'WARLEYALVES', '2809', 'MONTAGEM E MANUTENÇÃO', 1, 7, 2),
(59, 'ANA JÚLIA ROSA DA SILVA', '(99)99999-9999', 'ANAJULIAR', '1207', 'WORD 2019', 1, 2, 3),
(60, 'DANILO ALVES DE SOUSA REZENDE', '(99)99999-9999', 'DANILOALVES', '2805', 'INTERNET', 1, 2, 6),
(61, 'EDUARDO ALVES COIMBRA', '(99)99999-9999', 'EDUARDOALVESCOIMBRA', '2208', 'EXCEL 2019', 1, 2, 7),
(62, 'MARIANA MONTEIRO ROCHA', '(99)99999-9999', 'MARIANAMONTEIRO', '2604', 'WINDOWS 10', 1, 2, 7),
(63, 'JOÃO VICTOR ALVES SOUSA', '(99)99999-9999', 'JOAOVICTORA', '2408', 'WINDOWS 10', 1, 2, 7),
(64, 'HELYENE TEIXEIRA SANTANA', '(99)99999-9999', 'HELYENET', '1008', 'WORD 2019', 1, 2, 8),
(65, 'WESLLEY ARAÚJO VIEIRA', '(99)99999-9999', 'WESLLEYARAUJO', '0205', 'WORD 2019', 1, 2, 8),
(66, 'HUGO DELEON SEVERINO DOS SANTOS', '(99)99999-9999', 'HUGODELEON', '0507', 'JAVASCRIPT', 2, 7, 13),
(67, 'KINDERLY RIBEIRO FRANÇA', '(99)99999-9999', 'KENDERLYR', '0507', 'EXCEL 2019', 1, 7, 13),
(68, 'WEVERTON PEREIRA DE SOUSA', '(99)99999-9999', 'WEVERTONP', '3009', 'ADMINISTRAÇÃO EMPRESARIAL', 6, 7, 13),
(69, 'WILLIELTON PEREIRA DE SOUSA', '(99)99999-9999', 'WILLIELTONP', '2810', 'ADMINISTRAÇÃO EMPRESARIAL', 6, 7, 13),
(70, 'WESLLANE DAS CHAGAS COSMIRO', '(99)99999-9999', 'WESLLANE', '1210', 'EXCEL 2019', 1, 7, 13),
(71, 'PEDRO DA SILVA COSTA', '(99)99999-9999', 'PEDRODASILVA', '0708', 'WINDOWS 10', 1, 7, 18),
(72, 'ALEX ALVES FAVARO', '(99)99999-9999', 'ALEXALVESF', '1102', 'WORD 2019', 1, 3, 11),
(73, 'ANA CLARA CARVALHO DE OLIVEIRA MORAIS', '(99)99999-9999', 'ANACLARAC', '1910', 'ADMINISTRAÇÃO EMPRESARIAL', 6, 3, 11),
(74, 'DAYRA RAFAELA OLIVEIRA DE SOUSA', '(99)99999-9999', 'DAYRARAFAELA', '0301', 'WINDOWS 10', 1, 3, 11),
(75, 'DANIEL FRANCISCO DE ARAÚJO', '(99)99999-9999', 'DANIELFRANCISCO', '3004', 'MONTAGEM E MANUTENÇÃO', 2, 3, 11),
(76, 'GUSTAVO VIEIRA DOS SANTOS', '(99)99999-9999', 'GUSTAVOV', '2410', 'LÓGICA DE PROGRAMAÇÃO', 4, 3, 11),
(77, 'ISAÍAS HECTOR DA SILVA', '(99)99999-9999', 'ISAIASHECTOR', '1907', 'WINDOWS 10', 1, 3, 11),
(78, 'ISMAEL WILLIAM SANTANA CRUZ', '(99)99999-9999', 'ISMAELWILLIAM', '2206', 'POWERPOINT 2019', 1, 3, 11),
(79, 'JOÃO GABRIEL ASSUNÇÃO SILVA', '(99)99999-9999', 'JOAOG', '1503', 'EXCEL 2019', 1, 3, 11),
(80, 'JOEL DA SILVA RODRIGUES', '(99)99999-9999', 'JOELDASILVA', '0903', 'INTERNET', 1, 3, 11),
(81, 'LORENA CRISTINA MOURA SALES', '(99)99999-9999', 'LORENAC', '0501', 'ADMINISTRAÇÃO EMPRESARIAL', 6, 3, 11),
(82, 'LUIZ CARLOS ALMEIDA DOS SANTOS', '(99)99999-9999', 'LUIZCARLOS', '2810', 'WORD 2019', 1, 3, 11),
(83, 'RAFAEL BATISTA DE ALMEIDA', '(99)99999-9999', 'RAFAELB', '1611', 'POWERPOINT 2019', 1, 3, 11),
(84, 'RAUL ISAÍAS DA SILVA LAGO', '(99)99999-9999', 'RAULISAIAS', '1705', 'WINDOWS 10', 1, 3, 11),
(85, 'ARTHUR FERNADES FEITOSA', '(99)99999-9999', 'ARTHURF', '2203', 'INTERNET', 1, 3, 12),
(86, 'ANNA JÚLIA SILVA SANTOS', '(99)99999-9999', 'ANNAJ', '1109', 'ADMINISTRAÇÃO FINANCEIRA', 6, 3, 12),
(87, 'ERICK EDUARDO RAMOS ARAGÃO', '(99)99999-9999', 'ERICKE', '2110', 'WORD 2019', 1, 3, 12),
(88, 'EVELIN MARIA CARVALHO FONSECA', '(99)99999-9999', 'EVELINM', '1111', 'WINDOWS 10', 1, 3, 12),
(89, 'GABRIEL DOS SANTOS RODRIGUES', '(99)99999-9999', 'GABRIELDOSSANTOS', '2209', 'MONTAGEM E MANUTENÇÃO', 2, 3, 12),
(90, 'JULIA VIEIRA TENÓRIO', '(99)99999-9999', 'JULIAV', '2302', 'WORD 2019', 1, 3, 12),
(91, 'KAYLANY DA CRUZ FERREIRA', '(99)99999-9999', 'KAYLANY', '1905', 'WINDOWS 10', 1, 3, 12),
(92, 'KETLEN CRISTINE DE SOUSA MARTINS', '(99)99999-9999', 'KETLENC', '2801', 'WINDOWS 10', 1, 3, 12),
(93, 'LORRANE BEATRIZ DOS SANTOS CARVALHO', '(99)99999-9999', 'LORRANEBEATRIZ', '1304', 'INTERNET', 1, 3, 12),
(94, 'MARIA EDUARDA NASCIMENTO DA SILVA', '(99)99999-9999', 'MARIAEDUARDAN', '2808', 'INTERNET', 1, 3, 12),
(95, 'MICAELLY SANTOS OLIVEIRA', '(99)99999-9999', 'MICAELLYS', '2103', 'WORD 2019', 1, 3, 12),
(96, 'SHAMUEL QUIPAÇO LUSTOSA DA ROCHA', '(99)99999-9999', 'SHAMUELQ', '0209', 'LÓGICA DE PROGRAMAÇÃO', 4, 3, 12),
(97, 'VICTOR COUTINHO REIS LIMA', '(99)99999-9999', 'VICTORCOUTINHO', '2311', 'WINDOWS 10', 1, 3, 12),
(98, 'VICTOR YAN DE OLIVEIRA', '(99)99999-9999', 'VICTORY', '3010', 'EXCEL 2019', 1, 3, 12),
(99, 'ALANE DE SOUSA CARVALHO', '(99)99999-9999', 'ALANEDESOUSA', '0207', 'ADMINISTRAÇÃO FINANCEIRA', 6, 3, 16),
(100, 'DANILO DA COSTA DA CONCEIÇÃO', '(99)99999-9999', 'DANILOCOSTA', '3010', 'WINDOWS 10', 1, 3, 16),
(101, 'GIOVANNA PINHEIRO TELES', '(99)99999-9999', 'GIOVANNAP', '1002', 'WORD 2019', 1, 3, 16),
(102, 'JOÃO PEDRO VELOSO RODRIGUES', '(99)99999-9999', 'JOAOPEDROV', '2312', 'WINDOWS 10', 1, 3, 16),
(103, 'LETÍCIA SANTANA ARAÚJO', '(99)99999-9999', 'LETICIAS', '1210', 'WORD 2019', 1, 3, 16),
(104, 'LUCAS DAVI ALVES DA SILVA', '(99)99999-9999', 'LUCASDAVIALVES', '1910', 'LÓGICA DE PROGRAMAÇÃO', 4, 3, 16),
(105, 'MARIA LUIZA DE JESUS VIANA OLIVEIRA', '(99)99999-9999', 'MARIALUIZAOLIVEIRA', '1110', 'ADMINISTRAÇÃO FINANCEIRA', 6, 3, 16),
(106, 'REBECA SILVA CRUZ', '(99)99999-9999', 'REBECASILVA', '0912', 'WORD 2019', 1, 3, 16),
(107, 'VICTOR GABRIEL RODRIGUES', '(99)99999-9999', 'VICTORGABRIELR', '1507', 'WINDOWS 10', 1, 3, 16),
(108, 'KELBERTH SANTOS DIAS', '(99)99999-9999', 'KELBERTH', '2910', 'JAVASCRIPT', 3, 3, 16),
(109, 'ÂNGELO COSTA QUADROS', '(99)99999-9999', 'ANGELOCOSTA', '1711', 'EXCEL', 1, 3, 16),
(110, 'JONATAS MÁRIO PAIXÃO SILVA', '(99)99999-9999', 'JONATASMARIO', '1201', 'INTERNET', 1, 3, 16),
(111, 'CHRISTIAN ANJOS DA COSTA LEAL', '(99)99999-9999', 'CHRISTIANANJOS', '2909', 'INTERNET', 1, 3, 17),
(112, 'HELLEN EVELYN DOS SANTOS', '(99)99999-9999', 'HELLENEVELYN', '2405', 'ADMINISTRAÇÃO FINANCEIRA', 6, 3, 17),
(113, 'LANNA BIATRIZ CAMPOS PIEDADE', '(99)99999-9999', 'LANNABIATRIZ', '2307', 'WORD 2019', 1, 3, 17),
(114, 'LEANDRA RAFAELA DA SILVA LOPES', '(99)99999-9999', 'LEANDRARAFAELA', '1106', 'WORD 2019', 1, 3, 17),
(115, 'LUDMILA COSTA SOARES', '(99)99999-9999', 'LUDMILACOSTA', '1905', 'WINDOWS 10', 1, 3, 17),
(116, 'PABLO KAUÃ GODIM MOTA DA SILVA', '(99)99999-9999', 'PABLOGODIM', '1209', 'MONTAGEM E MANUTENÇÃO', 2, 3, 17),
(117, 'PAULO VINNICYUS DA SILVA AMORIM', '(99)99999-9999', 'PAULOVINNICYUS', '3101', 'WORD 2019', 1, 3, 17),
(118, 'TAYLOR SOUSA DE JESUS', '(99)99999-9999', 'TAYLORSOUSA', '1001', 'WORD 2019', 1, 3, 17),
(119, 'THIAGO SOUZA DE BARROS', '(99)99999-9999', 'THIAGOSOUZA', '2512', 'POWERPOINT 2019', 1, 3, 17),
(121, 'ANNA BEATRIZ RODRIGUES MACIEL', '(79)99831-8862', 'ANNAB', '2005', 'WINDOWS 10', 1, 1, 1);

-- --------------------------------------------------------

--
-- Estrutura para tabela `tb_cursos`
--

DROP TABLE IF EXISTS `tb_cursos`;
CREATE TABLE IF NOT EXISTS `tb_cursos` (
  `id` int NOT NULL AUTO_INCREMENT,
  `curso` varchar(40) NOT NULL,
  PRIMARY KEY (`id`)
) ENGINE=MyISAM AUTO_INCREMENT=7 DEFAULT CHARSET=utf8mb4 COLLATE=utf8mb4_0900_ai_ci;

--
-- Despejando dados para a tabela `tb_cursos`
--

INSERT INTO `tb_cursos` (`id`, `curso`) VALUES
(1, 'Informática'),
(2, 'Personalizado'),
(3, 'Desenvolvedor Web + Mobile'),
(4, 'Desenvolvedor Java Web'),
(5, 'Desenvolvedor WebDesigner'),
(6, 'Auxiliar Administrativo');

-- --------------------------------------------------------

--
-- Estrutura para tabela `tb_dias_semana`
--

DROP TABLE IF EXISTS `tb_dias_semana`;
CREATE TABLE IF NOT EXISTS `tb_dias_semana` (
  `id` int NOT NULL AUTO_INCREMENT,
  `dias` varchar(20) NOT NULL,
  PRIMARY KEY (`id`)
) ENGINE=MyISAM AUTO_INCREMENT=12 DEFAULT CHARSET=utf8mb4 COLLATE=utf8mb4_0900_ai_ci;

--
-- Despejando dados para a tabela `tb_dias_semana`
--

INSERT INTO `tb_dias_semana` (`id`, `dias`) VALUES
(1, 'Segunda e Quarta'),
(2, 'Terça e Quinta'),
(3, 'Sábado'),
(4, 'Segunda'),
(5, 'Terça'),
(6, 'Quarta'),
(7, 'Quinta'),
(8, 'Segunda e Quinta'),
(9, 'Segunda e Terça'),
(10, 'Terça e Quarta'),
(11, 'Quarta e Quinta');

-- --------------------------------------------------------

--
-- Estrutura para tabela `tb_horarios`
--

DROP TABLE IF EXISTS `tb_horarios`;
CREATE TABLE IF NOT EXISTS `tb_horarios` (
  `id` int NOT NULL AUTO_INCREMENT,
  `horario` varchar(20) NOT NULL,
  PRIMARY KEY (`id`)
) ENGINE=MyISAM AUTO_INCREMENT=20 DEFAULT CHARSET=utf8mb4 COLLATE=utf8mb4_0900_ai_ci;

--
-- Despejando dados para a tabela `tb_horarios`
--

INSERT INTO `tb_horarios` (`id`, `horario`) VALUES
(1, '08:00 às 09:00'),
(2, '09:00 às 10:00'),
(3, '10:00 às 11:00'),
(4, '11:00 às 12:00'),
(5, '14:00 às 15:00'),
(6, '15:00 às 16:00'),
(7, '16:00 às 17:00'),
(8, '17:00 às 18:00'),
(9, '18:00 às 19:00'),
(10, '19:00 às 20:00'),
(11, '08:00 às 10:00'),
(12, '10:00 às 12:00'),
(13, '14:00 às 16:00'),
(14, '16:00 às 18:00'),
(15, '18:00 às 20:00'),
(16, '14:00 às 15:30'),
(17, '15:30 às 17:00'),
(18, '15:00 às 17:00'),
(19, '17:00 às 19:00');

-- --------------------------------------------------------

--
-- Estrutura para tabela `tb_perfilacesso`
--

DROP TABLE IF EXISTS `tb_perfilacesso`;
CREATE TABLE IF NOT EXISTS `tb_perfilacesso` (
  `id` int NOT NULL AUTO_INCREMENT,
  `perfil` varchar(30) NOT NULL,
  PRIMARY KEY (`id`)
) ENGINE=MyISAM AUTO_INCREMENT=3 DEFAULT CHARSET=utf8mb4 COLLATE=utf8mb4_0900_ai_ci;

--
-- Despejando dados para a tabela `tb_perfilacesso`
--

INSERT INTO `tb_perfilacesso` (`id`, `perfil`) VALUES
(1, 'ADMINISTRADOR'),
(2, 'USUÁRIO');

-- --------------------------------------------------------

--
-- Estrutura para tabela `tb_usuarios`
--

DROP TABLE IF EXISTS `tb_usuarios`;
CREATE TABLE IF NOT EXISTS `tb_usuarios` (
  `id` int NOT NULL AUTO_INCREMENT,
  `nome` varchar(50) NOT NULL,
  `email` varchar(80) NOT NULL,
  `senha` varchar(30) NOT NULL,
  `id_perfil` int DEFAULT NULL,
  PRIMARY KEY (`id`),
  KEY `id_perfil` (`id_perfil`)
) ENGINE=MyISAM AUTO_INCREMENT=6 DEFAULT CHARSET=utf8mb4 COLLATE=utf8mb4_0900_ai_ci;

--
-- Despejando dados para a tabela `tb_usuarios`
--

INSERT INTO `tb_usuarios` (`id`, `nome`, `email`, `senha`, `id_perfil`) VALUES
(1, 'Anderson Henrique Rodrigues Maciel', 'andersonhenrique7@gmail.com', '1234', 1),
(2, 'Diego Pacheco Cunha', 'diegopacheco@gmail.com', '4321', 2),
(3, 'Lielma Gonçalves R. Maciel', 'lielmagoncalves@gmail.com', '1234', 1),
(4, 'Anna Karolina R. Maciel', 'annakarol@gmail.com', '4321', 2);
COMMIT;

/*!40101 SET CHARACTER_SET_CLIENT=@OLD_CHARACTER_SET_CLIENT */;
/*!40101 SET CHARACTER_SET_RESULTS=@OLD_CHARACTER_SET_RESULTS */;
/*!40101 SET COLLATION_CONNECTION=@OLD_COLLATION_CONNECTION */;
